FID,id,latitude,longitude,ri_service,timestamp,category,global_id,name,functional,type,ownership
0,sv_fc_healthcare_facilities.fid-65d4c550_169d91ba9ce_-5a1a,10.428825,7.401937,Unknown,2018-09-25T14:25:27Z,Primary Health Clinic,d5f671b8-ec73-4397-a619-5b557248a421,Adonai Medical Center Clinicandmaternity,Unknown,Primary,Public
1,sv_fc_healthcare_facilities.fid-65d4c550_169d91ba9ce_-5a16,10.385283,7.455704,Yes,2018-09-25T14:25:26Z,Primary Health Center,557218dd-2312-479d-9336-60befba819b6,Kakau Daji Primary Health Center,Functional,Primary,Public
2,sv_fc_healthcare_facilities.fid-65d4c550_169d91ba9ce_-5a11,10.33825,7.516141,Unknown,2018-09-25T14:34:41Z,Primary Health Center,98e491b1-6cb7-400a-b640-bbd0e303f96a,Primary Health Center Kamkomi,Functional,Primary,Others
3,sv_fc_healthcare_facilities.fid-65d4c550_169d91ba9ce_-5a0c,10.428531,7.394646,Unknown,2018-09-25T14:25:38Z,Private Clinic,720e5313-8673-4598-908e-335cf69e54eb,Shalom Hospital Gonin Gora Kaduna,Unknown,Tertiary,Private
4,sv_fc_healthcare_facilities.fid-65d4c550_169d91ba9ce_-5a08,10.414335,7.407603,Unknown,2018-09-25T14:34:39Z,Private Clinic,bff31adf-ae47-4c39-8532-c74e4021d78c,Adonai Medical Center,Functional,Primary,Others
5,sv_fc_healthcare_facilities.fid-65d4c550_169d91ba9ce_-5a04,10.374951,7.395263,Unknown,2018-09-25T14:25:29Z,Primary Health Center,f7b77b21-8826-4396-9c8e-2c1d428c6bd3,Safiya Medical Center,Unknown,Primary,Public
6,sv_fc_healthcare_facilities.fid-65d4c550_169d91ba9ce_-59fe,10.407762,7.405843,Unknown,2018-09-25T14:46:34Z,Unknown,824ed557-ed8f-43f4-ba3d-444075d7a1a3,Zaitun Clinic Buwaya,Unknown,Primary,Public
7,sv_fc_healthcare_facilities.fid-65d4c550_169d91ba9ce_-59fb,10.485731,7.319846,Unknown,2018-09-25T14:25:37Z,Health Post,3b5faef9-23e1-42d5-a540-b5502fc52868,Layi Health Dispensary,Functional,Primary,Public
8,sv_fc_healthcare_facilities.fid-65d4c550_169d91ba9ce_-59ed,10.335361,7.52166,Yes,2018-09-25T14:25:29Z,Primary Health Clinic,14aeb6af-9ea1-4f83-a2e5-c7ad2df59d48,Kankomi Health Clinic,Functional,Primary,Public
9,sv_fc_healthcare_facilities.fid-65d4c550_169d91ba9ce_-59e9,10.342051,7.454625,Unknown,2018-09-25T14:25:33Z,Health Post,9f97ea04-79a0-40db-bb90-8dcc9a7b5612,Unguwar Ayaba Dispensary,Functional,Primary,Public
10,sv_fc_healthcare_facilities.fid-65d4c550_169d91ba9ce_-59e5,10.40482,7.40709,Unknown,2018-09-25T14:08:10Z,Primary Health Clinic,d121a9b0-6a65-4399-a8b9-e074b33df242,Buwaya Health Clinic,Unknown,Primary,State Primary HealthCare Development Agency
11,sv_fc_healthcare_facilities.fid-65d4c550_169d91ba9ce_-59e0,10.431226,7.401834,Yes,2018-09-25T14:25:17Z,Primary Health Center,c30ff28f-8907-42cc-98eb-a341ec51437e,Gonin Gora Primary Health Center,Functional,Primary,Public
12,sv_fc_healthcare_facilities.fid-65d4c550_169d91ba9ce_-59dd,10.316808,7.385151,Unknown,2018-09-25T14:25:27Z,Primary Health Center,a9a47e73-4996-4518-b985-e54dee2ff3ae,Sabon Gayan Primary Health Center,Functional,Primary,Public
13,sv_fc_healthcare_facilities.fid-65d4c550_169d91ba9ce_-59d9,10.528446,7.615971,Yes,2018-09-25T14:25:29Z,Primary Health Clinic,8a0d51d8-b6ce-41ca-81df-c939fcc7f428,Tokache Health Clinic,Functional,Primary,Public
14,sv_fc_healthcare_facilities.fid-65d4c550_169d91ba9ce_-59d3,10.480873,7.650811,Yes,2018-09-25T14:25:35Z,Primary Health Center,0f5e152a-c711-4ffa-bcb2-c5c4e08db9a3,Rural Hospital Kujama,Functional,Primary,Public
15,sv_fc_healthcare_facilities.fid-65d4c550_169d91ba9ce_-59ce,10.347705,7.548814,Unknown,2018-09-25T14:25:40Z,Primary Health Clinic,ea22666a-25ed-4bb4-9dec-c2b86e28b503,Kakau Health Clinic,Unknown,Primary,Public
16,sv_fc_healthcare_facilities.fid-65d4c550_169d91ba9ce_-59ca,10.476299,7.631966,Unknown,2018-09-25T14:25:26Z,Private Clinic,48e64c59-e4f3-4a28-91d4-7237794006ca,Ab Nasara Nursing Home And Maternity,Unknown,Primary,Public
17,sv_fc_healthcare_facilities.fid-65d4c550_169d91ba9ce_-59c5,10.48022,7.63348,Unknown,2018-09-25T14:25:15Z,Primary Health Clinic,04d4b91a-bf5b-4849-b30c-f3db351a8bfd,Salvation Health Clinic,Unknown,Primary,Public
18,sv_fc_healthcare_facilities.fid-65d4c550_169d91ba9ce_-59c1,10.478271,7.637085,Yes,2018-09-25T14:25:33Z,Primary Health Center,01be02a2-017c-4fa8-9363-fb56394936c5,Salama Clinic,Unknown,Primary,State Primary HealthCare Development Agency
19,sv_fc_healthcare_facilities.fid-65d4c550_169d91ba9ce_-59bd,10.478271,7.634277,Unknown,2018-09-25T14:25:20Z,Primary Health Clinic,948a756c-01ed-4777-99e1-80bd08858013,Sauki Clinic,Unknown,Primary,State Primary HealthCare Development Agency
20,sv_fc_healthcare_facilities.fid-65d4c550_169d91ba9ce_-59b9,10.554472,7.528778,Yes,2018-09-25T14:25:36Z,Primary Health Center,0a4dbb73-db94-4afb-848f-c83cef21aa6a,Doka Primary Health Center,Functional,Primary,Public
21,sv_fc_healthcare_facilities.fid-65d4c550_169d91ba9ce_-59b1,10.477357,7.638295,Unknown,2018-09-25T14:25:39Z,Private Clinic,3bab897f-0236-4f3f-af79-b694bc7dea71,Bennatu Taimako Clinic And Nursing Home,Unknown,Tertiary,Private
22,sv_fc_healthcare_facilities.fid-65d4c550_169d91ba9ce_-59ad,10.478306,7.636726,Unknown,2018-09-25T14:25:22Z,Private Clinic,bc3cade2-3cde-48ff-8f36-5c2e404f025e,Salvation Clinic Tudun Wada,Unknown,Primary,Public
23,sv_fc_healthcare_facilities.fid-65d4c550_169d91ba9ce_-59a7,10.61901,7.25985,Unknown,2018-09-25T14:25:14Z,Primary Health Clinic,eea5e310-53ec-438b-8ca1-cf5bf4019da5,Forest Maternity Clinc,Unknown,Primary,Public
24,sv_fc_healthcare_facilities.fid-65d4c550_169d91ba9ce_-59a3,10.580788,7.204587,Unknown,2018-09-25T14:25:32Z,Primary Health Clinic,e7a1a482-f0d3-49ce-8afc-e1d536e41313,Dande Health Clinic,Functional,Primary,Public
25,sv_fc_healthcare_facilities.fid-65d4c550_169d91ba9ce_-599e,10.631542,6.927152,Yes,2018-09-25T14:24:35Z,Primary Health Clinic,5cbd359c-b642-4bd9-b9ee-ed2e879f984b,Hijaba Clinic And Maternity,Unknown,Primary,Public
26,sv_fc_healthcare_facilities.fid-65d4c550_169d91ba9ce_-599a,10.561893,7.224541,Yes,2018-09-25T14:25:36Z,Primary Health Clinic,e0509a94-57f3-4e1c-bdbb-adee88bcad57,Baranje Health Clinic,Functional,Primary,Public
27,sv_fc_healthcare_facilities.fid-65d4c550_169d91ba9ce_-5995,10.63784,7.16494,Unknown,2018-09-25T14:24:32Z,Health Post,02654ed5-a7fe-47f3-a0fd-39f9aa2adf56,Rumana Gwan Health Post,Unknown,Primary,Public
28,sv_fc_healthcare_facilities.fid-65d4c550_169d91ba9ce_-5992,10.635517,6.941897,Yes,2018-09-25T14:24:38Z,Primary Health Center,06f58936-f44f-4d5a-927c-93afb8df74ce,Udawa Primary Health Center,Functional,Primary,Public
29,sv_fc_healthcare_facilities.fid-65d4c550_169d91ba9ce_-598e,10.483119,7.205735,Yes,2018-09-25T14:25:41Z,Primary Health Center,0d8df855-6d48-4735-88d1-6f782d0b079e,Kasaya Primary Health Center,Functional,Primary,Public
30,sv_fc_healthcare_facilities.fid-65d4c550_169d91ba9ce_-598a,10.621479,7.230646,Yes,2018-09-25T14:25:28Z,Primary Health Center,b2eaae96-fe68-4409-b0f5-1bb4cf159e2d,Buruku Primary Health Center,Functional,Primary,Public
31,sv_fc_healthcare_facilities.fid-65d4c550_169d91ba9ce_-5982,10.617091,7.23303,Unknown,2018-09-25T14:25:20Z,Private Clinic,56de7a30-48c7-4f5a-9322-8be3ad1f7558,Alheri Clinic And Matarnity,Unknown,Primary,Public
32,sv_fc_healthcare_facilities.fid-65d4c550_169d91ba9ce_-597e,10.6196,7.23732,Unknown,2018-09-25T14:25:14Z,Primary Health Clinic,c41e6693-d96d-49b1-a768-82f03e36df0c,Hauwa Clinic Buruku,Unknown,Primary,Public
33,sv_fc_healthcare_facilities.fid-65d4c550_169d91ba9ce_-5979,10.626905,6.928873,Unknown,2018-09-25T14:24:36Z,Primary Health Center,fff9d7fa-84b3-47d4-b219-e2eabcb452f1,Kauna Clinic,Unknown,Primary,Public
34,sv_fc_healthcare_facilities.fid-65d4c550_169d91ba9ce_-5974,10.631615,6.926447,Yes,2018-09-25T14:24:35Z,Primary Health Center,f2f16a34-3e9a-4182-b8ef-32112de02a28,Jam Sago Clinic Udawa,Unknown,Primary,Public
35,sv_fc_healthcare_facilities.fid-65d4c550_169d91ba9ce_-5971,10.633484,6.932495,Unknown,2018-09-25T14:24:35Z,Health Post,f3abc39e-48e6-45cf-b7d4-d375108bc9be,Rimi Clinic,Unknown,Primary,State Primary HealthCare Development Agency
36,sv_fc_healthcare_facilities.fid-65d4c550_169d91ba9ce_-595f,10.451934,7.439758,Yes,2018-09-25T14:25:23Z,Private Clinic,0c7350d6-4c9e-4f15-9ca4-d7812b5b76ab,My Children Hospital,Unknown,Primary,Public
37,sv_fc_healthcare_facilities.fid-65d4c550_169d91ba9ce_-595d,10.465544,7.441127,Unknown,2018-09-25T14:34:39Z,Primary Health Clinic,23a47183-86a6-416b-b410-670a3b1e4088,Bishini Health Clinic,Functional,Primary,Others
38,sv_fc_healthcare_facilities.fid-65d4c550_169d91ba9ce_-5959,10.475884,7.444661,Yes,2018-09-25T14:25:41Z,Laboratory,7a2970b9-d6d1-4052-bb99-54f43d8aa99d,Otmos Diagnose Narayi,Unknown,Tertiary,Private
39,sv_fc_healthcare_facilities.fid-65d4c550_169d91ba9ce_-594e,10.476602,7.457369,Unknown,2018-09-25T14:25:42Z,Primary Health Clinic,1b5bb76e-092b-4295-b4a7-b5fa39224c5f,Bayan Dutse Primary Health Care,Functional,Primary,Public
40,sv_fc_healthcare_facilities.fid-65d4c550_169d91ba9ce_-594a,10.450905,7.445335,Unknown,2018-09-25T14:25:31Z,Specialist Hospital,47066afa-4c6d-4376-9330-160d64fc3556,Dewas Specialist Hospital,Unknown,Tertiary,Private
41,sv_fc_healthcare_facilities.fid-65d4c550_169d91ba9ce_-5946,10.475051,7.446573,Yes,2018-09-25T14:25:26Z,Private Clinic,b16937ee-f6e4-4e76-aa81-f3e838232e5b,Wilbasom Hospital Narayi,Unknown,Primary,Public
42,sv_fc_healthcare_facilities.fid-65d4c550_169d91ba9ce_-5942,10.472705,7.44157,Unknown,2018-09-25T14:25:37Z,Primary Health Clinic,06cd4814-dcb1-45f8-88c5-c99c43f0512f,Tudun Muntsira Tuberclosis Maternity And Child Health Clinic Narayi,Functional,Primary,Public
43,sv_fc_healthcare_facilities.fid-65d4c550_169d91ba9ce_-593e,10.464426,7.445854,Yes,2018-09-25T14:25:24Z,Primary Health Center,491ef50c-5c68-4b62-9395-31da9afc8d6b,Family Hospital Narayi,Unknown,Primary,Public
44,sv_fc_healthcare_facilities.fid-65d4c550_169d91ba9ce_-5939,10.459623,7.445491,Yes,2018-09-25T14:25:20Z,Private Clinic,c4941966-73b7-4df2-90c9-5963bc42db24,El Shadia Clinic,Unknown,Tertiary,Private
45,sv_fc_healthcare_facilities.fid-65d4c550_169d91ba9ce_-5935,10.473394,7.402635,Yes,2018-09-25T14:25:20Z,Primary Health Clinic,26b69095-4433-41ed-8cdb-9eccd9a61e12,Ecwa Maternity Home,Unknown,Primary,NGO/Humanitarian
46,sv_fc_healthcare_facilities.fid-65d4c550_169d91ba9ce_-5933,10.485619,7.28018,Yes,2018-09-25T14:25:30Z,Primary Health Center,93bbdde9-352f-4726-a9f8-7568ffd8db87,Kadi Primary Health Center,Functional,Primary,Public
47,sv_fc_healthcare_facilities.fid-65d4c550_169d91ba9ce_-5930,10.476101,7.397966,Yes,2018-09-25T14:25:14Z,Primary Health Clinic,1fe3c2e8-f787-4a67-880e-7998cc88792f,Sanasi Nursing And Maternity Home,Functional,Primary,Public
48,sv_fc_healthcare_facilities.fid-65d4c550_169d91ba9ce_-5927,10.471183,7.395301,Unknown,2018-09-25T14:25:34Z,Primary Health Clinic,73c1389f-cc38-449a-b8e4-617e71e568fc,Al Ramadan Nursing And Maternity Home Nassarawa,Unknown,Primary,Public
49,sv_fc_healthcare_facilities.fid-65d4c550_169d91ba9ce_-5923,10.470536,7.398746,Yes,2018-09-25T14:25:32Z,Primary Health Center,29f91cbb-e614-46c6-a84e-bbf26131e087,Primary Health Center Nassarawa,Unknown,Primary,Others
50,sv_fc_healthcare_facilities.fid-65d4c550_169d91ba9ce_-591e,10.404456,7.49653,Unknown,2018-09-25T14:08:10Z,Primary Health Center,642eef86-564f-4885-b879-3a37a68fb946,Primary Health Center Rido,Unknown,Primary,Others
51,sv_fc_healthcare_facilities.fid-65d4c550_169d91ba9ce_-591a,10.509146,7.474633,Yes,2018-09-25T14:25:28Z,Primary Health Center,a26a7a4b-da08-46c1-b4c0-7395a4815bc5,Rido Primary Health Center,Functional,Primary,Public
52,sv_fc_healthcare_facilities.fid-65d4c550_169d91ba9ce_-5915,10.467205,7.484628,Yes,2018-09-25T14:25:27Z,Primary Health Clinic,58ab980e-6795-4bd6-807d-ac09f27c9740,Kamazou Health Clinic,Functional,Primary,Public
53,sv_fc_healthcare_facilities.fid-65d4c550_169d91ba9ce_-5911,10.471859,7.492803,Yes,2018-09-25T14:25:22Z,Health Post,e4cdb59d-78a7-4010-9924-e258b3942151,Bagado Dispensary Clinic,Functional,Primary,Public
54,sv_fc_healthcare_facilities.fid-65d4c550_169d91ba9ce_-590d,10.538192,7.484323,Unknown,2018-09-25T14:25:28Z,Health Post,1239206d-fa85-4382-95fd-e7aa87d90ca9,Dan Bushiya Dispensary,Functional,Primary,Public
55,sv_fc_healthcare_facilities.fid-65d4c550_169d91ba9ce_-5904,10.525952,7.489547,Unknown,2018-09-25T14:25:28Z,Health Post,e77f8dab-5e16-4409-bcf0-779e8bed1b69,Dan Honu A Dispensary Clinic,Functional,Primary,Public
56,sv_fc_healthcare_facilities.fid-65d4c550_169d91ba9ce_-5900,10.47819,7.37904,Unknown,2018-09-25T14:25:14Z,Primary Health Clinic,0070d186-ef0b-4c29-8ab6-59c90d964970,Henlong Medical Clinic And Maternity,Unknown,Primary,Public
57,sv_fc_healthcare_facilities.fid-65d4c550_169d91ba9ce_-58fc,10.4601,7.398112,Unknown,2018-09-25T14:25:26Z,Primary Health Center,42683e6c-93ba-40fe-88ea-e0f7832ea262,Nassarawa Primary Health Center,Unknown,Primary,Public
58,sv_fc_healthcare_facilities.fid-65d4c550_169d91ba9ce_-58f7,10.46412,7.39302,Unknown,2018-09-25T14:25:15Z,Primary Health Clinic,a357435e-c4ef-48ca-b52a-5d971d0fb6df,Top Clinic And Maternity,Unknown,Primary,Public
59,sv_fc_healthcare_facilities.fid-65d4c550_169d91ba9ce_-58ee,10.44216,7.48256,Yes,2018-09-25T14:08:10Z,Federal Staff Clinic,761b318c-9b22-4cde-b08d-6fa8d3bf4352,Nnpc Clinic,Functional,Secondary,Federal Agency
60,sv_fc_healthcare_facilities.fid-65d4c550_169d91ba9ce_-58e9,10.45148,7.46622,Yes,2018-09-25T14:25:15Z,Primary Health Clinic,fe406ae6-493f-4621-92e8-2e505e81abf4,Trinity Nursing And Maternity Home,Unknown,Primary,Public
61,sv_fc_healthcare_facilities.fid-65d4c550_169d91ba9ce_-58e5,10.452762,7.452659,Yes,2018-09-25T14:25:24Z,Private Clinic,5284daac-6e42-452e-ada1-37f3bac0adcb,Doctors Clinic,Functional,Primary,Public
62,sv_fc_healthcare_facilities.fid-65d4c550_169d91ba9ce_-58e2,10.448713,7.451339,Yes,2018-09-25T14:25:22Z,Primary Health Clinic,1aee9f1f-4013-4fca-bff6-a775a797089f,Endurance Maternity Home,Unknown,Primary,Public
63,sv_fc_healthcare_facilities.fid-65d4c550_169d91ba9ce_-58df,10.46175,7.46421,Yes,2018-09-25T14:25:15Z,Private Clinic,8d3c8d39-fb7d-4024-81ac-0bbe94ca29de,Faith Clinic U Pama,Unknown,Primary,NGO/Humanitarian
64,sv_fc_healthcare_facilities.fid-65d4c550_169d91ba9ce_-58db,10.44406,7.452703,Unknown,2018-09-25T14:25:42Z,Primary Health Clinic,c2ebd822-bc70-48cc-8e1b-5884cf800a31,Ag Lima County Clinic And Maternity,Unknown,Primary,Public
65,sv_fc_healthcare_facilities.fid-65d4c550_169d91ba9ce_-58d4,10.453717,7.454063,Unknown,2018-09-25T14:25:23Z,Private Clinic,248f773e-12b2-4b04-ab69-d858d12e1fc1,Jefanel Hospital,Unknown,Tertiary,Private
66,sv_fc_healthcare_facilities.fid-65d4c550_169d91ba9ce_-58cb,10.453306,7.456451,Yes,2018-09-25T14:25:31Z,Private Clinic,5afb353e-2ca6-498e-8270-b6c88d8a8534,Nebina Special Clinic,Unknown,Primary,Public
67,sv_fc_healthcare_facilities.fid-65d4c550_169d91ba9ce_-58c7,10.447234,7.434502,Unknown,2018-09-25T14:25:33Z,Primary Health Clinic,427c3e96-e3fd-4c52-8758-e8237b0eda3d,Cocin Clinic And Maternity,Unknown,Primary,NGO/Humanitarian
68,sv_fc_healthcare_facilities.fid-65d4c550_169d91ba9ce_-58bf,10.445983,7.436892,Unknown,2018-09-25T14:45:51Z,Private Non Profit,84ff7ea9-34d1-4836-8937-3bca957f52de,Ecwa Community Health Programe,Unknown,Primary,NGO/Humanitarian
69,sv_fc_healthcare_facilities.fid-65d4c550_169d91ba9ce_-58bb,10.431591,7.424126,Yes,2018-09-25T14:25:33Z,Private Clinic,caf76ce4-ee7a-4a44-a334-25283f25780b,Gimo Clinic Bubasauri Road,Unknown,Primary,Public
70,sv_fc_healthcare_facilities.fid-65d4c550_169d91ba9ce_-58b8,10.449079,7.435021,Unknown,2018-09-25T14:25:41Z,Private Clinic,af26987e-758b-41cb-af2a-2f7a9575632a,Lecron Dental Clinic,Functional,Tertiary,Private
71,sv_fc_healthcare_facilities.fid-65d4c550_169d91ba9ce_-58b3,10.435098,7.42259,Unknown,2018-09-25T14:25:28Z,Private Clinic,1a30a3d7-bdae-4cfa-93b0-8f06e09e90b2,Jassy Clinic Sarki Street,Unknown,Primary,Public
72,sv_fc_healthcare_facilities.fid-65d4c550_169d91ba9ce_-58af,10.435225,7.409957,Yes,2018-09-25T14:25:20Z,Private Clinic,0cd8aad9-f421-4276-942c-6b9b3d851334,Mercy Home Clinic,Unknown,Primary,Public
73,sv_fc_healthcare_facilities.fid-65d4c550_169d91ba9ce_-58a8,10.43376,7.428553,Unknown,2018-09-25T14:25:37Z,Private Clinic,c9be0dd4-3ff1-486b-a32a-f4cd35986b04,Ejiro Home,Unknown,Primary,Public
74,sv_fc_healthcare_facilities.fid-65d4c550_169d91ba9ce_-58a3,10.44912,7.438065,Unknown,2018-09-25T14:25:32Z,Private Clinic,c66f391d-c805-49a0-9640-907399e9fbb7,Trinity Hospital,Unknown,Primary,Public
75,sv_fc_healthcare_facilities.fid-65d4c550_169d91ba9ce_-57a2,10.589286,7.403739,Unknown,2018-09-25T14:25:34Z,Primary Health Clinic,fab389b1-4be8-48d1-88f2-7dc5b09d70da,Maimuna Clinic Maternity,Unknown,Primary,Public
76,sv_fc_healthcare_facilities.fid-65d4c550_169d91ba9ce_-57a0,10.704476,7.293593,Yes,2018-09-25T14:25:23Z,Primary Health Center,232b7d05-3e6d-4ddf-9e5f-39eefb60f988,Ifira Primary Health Center,Functional,Primary,Public
77,sv_fc_healthcare_facilities.fid-65d4c550_169d91ba9ce_-579d,10.593729,7.399986,Unknown,2018-09-25T14:25:39Z,Primary Health Clinic,2b7de336-3609-45e4-aa1a-9c9e70d317bb,Bethel Clinic And Maternity,Unknown,Primary,Public
78,sv_fc_healthcare_facilities.fid-65d4c550_169d91ba9ce_-578a,10.592923,7.405128,Unknown,2018-09-25T14:25:22Z,Private Clinic,22885f07-cd49-4e1a-92e2-3d5101f66fef,Accor Clinic,Unknown,Primary,Public
79,sv_fc_healthcare_facilities.fid-65d4c550_169d91ba9ce_-5786,10.591968,7.406974,Unknown,2018-09-25T14:25:37Z,Primary Health Center,f4a2b0bb-3884-4ebf-b54c-7807c53c909f,Annul Medical Center,Unknown,Primary,Public
80,sv_fc_healthcare_facilities.fid-65d4c550_169d91ba9ce_-5782,10.586084,7.400773,Unknown,2018-09-25T14:25:23Z,Private Clinic,bfd550c1-e230-4636-8bce-0c3ff83982ea,Damu Clinic,Unknown,Primary,Public
81,sv_fc_healthcare_facilities.fid-65d4c550_169d91ba9ce_-5780,10.594673,7.401106,Unknown,2018-09-25T14:25:28Z,Private Clinic,6829a534-bda9-4ddf-aa6f-e02f150b24b0,Rahman Hospital,Unknown,Primary,Public
82,sv_fc_healthcare_facilities.fid-65d4c550_169d91ba9ce_-5503,10.643641,7.634956,Unknown,2018-09-25T14:25:30Z,Primary Health Clinic,2c45b6a0-2ad6-43ab-99b1-734ab2e8426d,Maje Health Care,Functional,Primary,Public
83,sv_fc_healthcare_facilities.fid-65d4c550_169d91ba9ce_-54ff,10.556727,7.72624,Unknown,2018-09-25T14:10:37Z,Primary Health Clinic,895ddb79-e4b2-4841-8b39-6fff166450f5,Primary Health Clinic Gwaraji,Unknown,Primary,Others
84,sv_fc_healthcare_facilities.fid-65d4c550_169d91ba9ce_-54f5,10.613582,7.646375,Yes,2018-09-25T14:25:16Z,Primary Health Clinic,b3c939e3-d1a8-484d-8675-4b7248dbeb1b,Kaban Primary Health Clinic,Functional,Primary,Public
85,sv_fc_healthcare_facilities.fid-65d4c550_169d91ba9ce_-54ec,10.633511,7.6088,Yes,2018-09-25T14:25:16Z,Primary Health Clinic,ae2fb962-2474-439d-83e9-bba4dc00b7ba,Burkonu Primary Health Clinic,Functional,Primary,Public
86,sv_fc_healthcare_facilities.fid-65d4c550_169d91ba9ce_-54b9,10.69787,7.51228,Unknown,2018-09-25T14:25:16Z,Primary Health Clinic,9c67a7bc-db94-47b1-baf3-f640f6854f3e,Hope Clinic Maternity,Unknown,Primary,Public
87,sv_fc_healthcare_facilities.fid-65d4c550_169d91ba9ce_-54b6,10.678698,7.493951,Yes,2018-09-25T14:25:29Z,Primary Health Clinic,2588b480-1274-4a4c-aae7-521a3c19a1fb,Dankande Health Clinic,Functional,Primary,Public
88,sv_fc_healthcare_facilities.fid-65d4c550_169d91ba9ce_-54b2,10.6946,7.51186,Unknown,2018-09-25T14:25:16Z,Primary Health Clinic,e875292a-b3ee-4b31-bcce-84ae6d3b0ce9,Al Amin Nursing And Maternity,Unknown,Primary,Public
89,sv_fc_healthcare_facilities.fid-65d4c550_169d91ba9ce_-54ae,10.767972,7.518225,Yes,2018-09-25T14:25:18Z,Primary Health Clinic,980a7df6-4048-44bc-9444-967d4a53f34f,Kwarau Tasha Health Clinic,Functional,Primary,Public
90,sv_fc_healthcare_facilities.fid-65d4c550_169d91ba9ce_-54a6,10.626116,7.582911,Yes,2018-09-25T14:25:23Z,Primary Health Center,0bbfc988-74d4-4297-ad86-e7c64bdcb3f8,Ruhogi Primary Health Center,Functional,Primary,Public
91,sv_fc_healthcare_facilities.fid-65d4c550_169d91ba9ce_-54a1,10.731216,7.594727,Yes,2018-09-25T14:25:23Z,Health Post,0d6fa95f-eb75-4aa7-8464-344a99dab523,Kangimi Health Post,Functional,Primary,Public
92,sv_fc_healthcare_facilities.fid-65d4c550_169d91ba9ce_-549c,10.61359,7.54625,Unknown,2018-09-25T14:25:14Z,Primary Health Clinic,d8766811-3ffe-4f1d-b519-a8b9f144d316,Kaban Primary Health Care,Unknown,Primary,Public
93,sv_fc_healthcare_facilities.fid-65d4c550_169d91ba9ce_-548c,10.598702,7.614565,Unknown,2018-09-25T14:25:39Z,Health Post,a134bbd8-d71d-49d3-82ff-7b2ff8b2b5e6,Likora Primary Health Post,Functional,Primary,Public
94,sv_fc_healthcare_facilities.fid-65d4c550_169d91ba9ce_-5489,10.579848,7.505593,Yes,2018-09-25T14:25:18Z,Health Post,c336d9b7-ef48-4d56-8c17-19f30744f154,Kurmin Kadina Health Post,Functional,Primary,Public
95,sv_fc_healthcare_facilities.fid-65d4c550_169d91ba9ce_-5484,10.61206,7.513058,Yes,2018-09-25T14:25:31Z,Primary Health Center,dc72fc71-0588-4959-b7e3-257029161cf7,Zaure Primary Health Center,Functional,Primary,Public
96,sv_fc_healthcare_facilities.fid-65d4c550_169d91ba9ce_-547c,10.583874,7.471797,Unknown,2018-09-25T14:25:25Z,Primary Health Clinic,a28003ba-f4e6-4885-884e-881b43963de9,Rafin Guza Health Clinic,Functional,Primary,Public
97,sv_fc_healthcare_facilities.fid-65d4c550_169d91ba9ce_-5476,10.620689,7.466506,Unknown,2018-09-25T14:25:21Z,Primary Health Clinic,9d0ad29d-bd91-445e-ad07-eccd8caecb9b,Mai Anguwa Tanko Clinic,Functional,Primary,Public
98,sv_fc_healthcare_facilities.fid-65d4c550_169d91ba9ce_-5471,10.641734,7.472511,Unknown,2018-09-25T14:25:40Z,Primary Health Center,78212471-a4ed-4e14-889e-81ffaf3c9951,R Chukum Primary Health Center,Unknown,Primary,Public
99,sv_fc_healthcare_facilities.fid-65d4c550_169d91ba9ce_-546b,10.53561,7.373124,Unknown,2018-09-25T14:25:19Z,Primary Health Clinic,02672626-a6df-43cf-9331-78d7847f0a9d,Muazatul Maternity Health Center,Unknown,Primary,Public
100,sv_fc_healthcare_facilities.fid-65d4c550_169d91ba9ce_-5467,10.531325,7.255347,Yes,2018-09-25T14:25:15Z,Primary Health Center,01f177a2-442c-4e67-b1d0-233be5edaed6,Mallamawa Health Center,Functional,Primary,Public
101,sv_fc_healthcare_facilities.fid-65d4c550_169d91ba9ce_-5463,10.530453,7.37095,Unknown,2018-09-25T14:25:39Z,Primary Health Clinic,3299f8a3-07d9-4f39-8731-363b953554e5,Sauki Nursing Home And Maternity,Unknown,Primary,Public
102,sv_fc_healthcare_facilities.fid-65d4c550_169d91ba9ce_-545e,10.545488,7.373939,Unknown,2018-09-25T14:10:17Z,Primary Health Clinic,b5caf6e0-a758-475f-826a-184a097dea93,Taro Taro Health Clinic,Unknown,Primary,State Ministry Of Health
103,sv_fc_healthcare_facilities.fid-65d4c550_169d91ba9ce_-545a,10.525084,7.390079,Yes,2018-09-25T14:25:40Z,Unknown,a7e646eb-73c7-4704-a6f1-406296ff387a,Aisha Alansariya,Unknown,Primary,Public
104,sv_fc_healthcare_facilities.fid-65d4c550_169d91ba9ce_-5456,10.541596,7.403256,Yes,2018-09-25T14:25:34Z,Primary Health Center,009fe8e1-8484-43ee-b6a4-39a7b2c8feac,Hayim Dan Mani Primary Health Center,Functional,Primary,Public
105,sv_fc_healthcare_facilities.fid-65d4c550_169d91ba9ce_-544e,10.502433,7.371197,Yes,2018-09-25T14:25:21Z,Primary Health Clinic,5c3d18bb-c286-46fe-98ed-70514871fa2b,Nariya Health Clinic,Functional,Primary,Public
106,sv_fc_healthcare_facilities.fid-65d4c550_169d91ba9ce_-544a,10.530192,7.382051,Unknown,2018-09-25T14:25:34Z,Primary Health Clinic,dff5cc23-4371-4fe2-af84-c46b45df45c2,Central Hospital And Maternity,Unknown,Primary,Public
107,sv_fc_healthcare_facilities.fid-65d4c550_169d91ba9ce_-5446,10.534076,7.394384,Yes,2018-09-25T14:25:31Z,Primary Health Center,3f6654e8-fe15-479e-bbf5-aeb1394c53bd,Taro Taro Primary Health Center,Functional,Primary,Public
108,sv_fc_healthcare_facilities.fid-65d4c550_169d91ba9ce_-5442,10.532842,7.377963,Unknown,2018-09-25T14:25:35Z,Laboratory,6d201194-1f72-48f6-9c1b-023168a65528,Zaitu Diagnostic,Unknown,Primary,Public
109,sv_fc_healthcare_facilities.fid-65d4c550_169d91ba9ce_-543a,10.528324,7.386178,Yes,2018-09-25T14:25:32Z,Private Clinic,62cfd365-3c89-4ec0-aa0d-3629f4a723e5,Halal Nursing Home,Unknown,Primary,Public
110,sv_fc_healthcare_facilities.fid-65d4c550_169d91ba9ce_-5436,10.521974,7.37587,Unknown,2018-09-25T14:25:26Z,Primary Health Center,210ec05b-421f-424e-a56a-ba89eb7ef3fa,Igabi Primary Health Center,Functional,Primary,Public
111,sv_fc_healthcare_facilities.fid-65d4c550_169d91ba9ce_-5432,10.527996,7.387507,Yes,2018-09-25T14:25:39Z,Health Post,abb66fdd-cc32-4cf5-b76f-4ba68efecf87,Nasiha Clinic,Unknown,Primary,Public
112,sv_fc_healthcare_facilities.fid-65d4c550_169d91ba9ce_-4d34,10.55089,7.45979,Yes,2018-09-25T14:25:14Z,Specialist Hospital,4e0c4545-8370-4ee7-8f51-8439a3c0da03,Al Mansur Specialist Hospital,Unknown,Tertiary,Private
113,sv_fc_healthcare_facilities.fid-65d4c550_169d91ba9ce_-4d2e,10.561804,7.471054,Unknown,2018-09-25T14:34:41Z,Health Post,7e884a74-9fea-47be-84bc-67415d0a3c32,Gidan Magina Health Post,Functional,Primary,Others
114,sv_fc_healthcare_facilities.fid-65d4c550_169d91ba9ce_-4d2a,10.56037,7.47019,Unknown,2018-09-25T14:25:14Z,Private Clinic,f0247847-347b-4016-bc26-f64a411a2df5,Medicity Hospital,Unknown,Tertiary,Private
115,sv_fc_healthcare_facilities.fid-65d4c550_169d91ba9ce_-4d26,10.55682,7.4545,Yes,2018-09-25T14:25:14Z,Private Clinic,1077175f-8035-47d1-908a-4b37bb9726fb,Eagle Hospital Malali Gra,Unknown,Tertiary,Private
116,sv_fc_healthcare_facilities.fid-65d4c550_169d91ba9ce_-4d22,10.559261,7.457586,Yes,2018-09-25T14:25:32Z,Specialist Hospital,a93c77e3-870f-4b22-90cd-3206fd31ae03,Sickle Cell Patient Health Promotion Center,Functional,Primary,Public
117,sv_fc_healthcare_facilities.fid-65d4c550_169d91ba9ce_-4d1b,10.50827,7.43508,Unknown,2018-09-25T14:25:16Z,Private Clinic,d17893f7-599d-4a45-828f-225ef4465b30,Prime Hospital,Unknown,Tertiary,Private
118,sv_fc_healthcare_facilities.fid-65d4c550_169d91ba9ce_-4d17,10.57482,7.442523,Unknown,2018-09-25T14:47:05Z,Unknown,3c2305f6-daee-40c5-a7de-a82448096eac,Dayo Clinic And Mat,Unknown,Primary,Public
119,sv_fc_healthcare_facilities.fid-65d4c550_169d91ba9ce_-4d13,10.556232,7.442555,Unknown,2018-09-25T14:25:34Z,Private Clinic,da536c90-7bca-4975-b4ee-a71b041d41b4,Shifa Hospital,Unknown,Primary,Public
120,sv_fc_healthcare_facilities.fid-65d4c550_169d91ba9ce_-4d0a,10.577702,7.424147,Unknown,2018-09-25T14:25:25Z,Primary Health Clinic,daa597b1-b0d8-48b4-bb63-e55bb4e08f9a,Yalwan Makaranta Health Clinic,Unknown,Primary,Public
121,sv_fc_healthcare_facilities.fid-65d4c550_169d91ba9ce_-4d06,10.57229,7.44213,Unknown,2018-09-25T14:25:14Z,Primary Health Clinic,4c7d5238-7dbf-45ca-b30f-2dcf63d0c195,Ramat Hospital Hayin Banku Kaduna,Unknown,Primary,Public
122,sv_fc_healthcare_facilities.fid-65d4c550_169d91ba9ce_-4d02,10.58575,7.437527,Yes,2018-09-25T14:25:35Z,Primary Health Center,be5166fb-b6f6-4998-af3f-5458eb065dbe,Soba Primary Health Center,Unknown,Primary,Public
123,sv_fc_healthcare_facilities.fid-65d4c550_169d91ba9ce_-4cff,10.581538,7.42936,Yes,2018-09-25T14:25:31Z,Private Clinic,bc5f65b3-3afe-4f5a-8a93-d203249a1782,Murtala Nursing And Convalescent Home Soba,Unknown,Primary,Public
124,sv_fc_healthcare_facilities.fid-65d4c550_169d91ba9ce_-4cfb,10.58428,7.445903,Yes,2018-09-25T14:25:16Z,Health Post,8091d376-d73e-4a08-8423-00b75c351b11,Lafiya Clinic,Unknown,Primary,State Primary HealthCare Development Agency
125,sv_fc_healthcare_facilities.fid-65d4c550_169d91ba9ce_-4cf7,10.50399,7.44067,Yes,2018-09-25T14:25:15Z,Specialist Hospital,819a2e92-4419-4c9c-86eb-016c90feecaf,Mt Horeb Specialist Hospital,Functional,Tertiary,Private
126,sv_fc_healthcare_facilities.fid-65d4c550_169d91ba9ce_-4cf0,10.58203,7.452693,Unknown,2018-09-25T14:25:22Z,Specialist Hospital,05e694b7-a108-48d1-8e7d-2a42cfc79607,Victory Specialist Hopital,Unknown,Tertiary,Private
127,sv_fc_healthcare_facilities.fid-65d4c550_169d91ba9ce_-4ce9,10.600555,7.455373,Unknown,2018-09-25T14:25:22Z,Primary Health Clinic,e01e52f7-c970-480c-9699-65aad9bcb7bb,Jama'a Nursing And Maternity Home,Unknown,Primary,Public
128,sv_fc_healthcare_facilities.fid-65d4c550_169d91ba9ce_-4ce4,10.593195,7.450985,Unknown,2018-09-25T14:25:36Z,Primary Health Center,31b46bb1-1758-4ab6-8e27-2f8ef86c3092,Kawo Primary Health Center,Unknown,Primary,Public
129,sv_fc_healthcare_facilities.fid-65d4c550_169d91ba9ce_-4ce0,10.514181,7.426386,Unknown,2018-09-25T14:34:41Z,Primary Health Center,e2ec5798-b7b6-42da-b959-d1e89ddd9643,Primary Health Center Warri Street,Functional,Primary,Others
130,sv_fc_healthcare_facilities.fid-65d4c550_169d91ba9ce_-4cdc,10.5316,7.42404,Yes,2018-09-25T14:25:42Z,Primary Health Clinic,4b722cd8-cec7-41f2-b456-25a9c6043b51,Gimo Maternity Buba Sauri Road Romi,Unknown,Primary,Public
131,sv_fc_healthcare_facilities.fid-65d4c550_169d91ba9ce_-4cd8,10.503976,7.426334,Yes,2018-09-25T14:25:39Z,Primary Health Center,2ccbf749-558e-4c18-832c-7e1f6447c5dc,Junction Road Primary Health Center,Functional,Primary,Public
132,sv_fc_healthcare_facilities.fid-65d4c550_169d91ba9ce_-4cd5,10.506752,7.426267,Unknown,2018-09-25T14:25:36Z,Private Clinic,a918482d-8d13-4f29-bddc-58426d6d4371,Abi Hospital,Unknown,Primary,Public
133,sv_fc_healthcare_facilities.fid-65d4c550_169d91ba9ce_-4cd1,10.514286,7.4326,Yes,2018-09-25T14:25:39Z,Specialist Hospital,44457327-8283-4834-b13e-6f2ca83d167d,Jowako Specialist Hospital,Functional,Tertiary,Private
134,sv_fc_healthcare_facilities.fid-65d4c550_169d91ba9ce_-4cce,10.514592,7.434231,Unknown,2018-09-25T14:25:22Z,Primary Health Clinic,d8ed1912-3965-4749-869b-22a69c54d58a,Alhaji Muazu Clinic,Functional,Primary,Public
135,sv_fc_healthcare_facilities.fid-65d4c550_169d91ba9ce_-4ccb,10.570212,7.460194,Yes,2018-09-25T14:25:18Z,Primary Health Center,d3848bb7-6f17-4afd-801f-00ca9a4d850b,Unguwar Dosa Primary Health Center,Functional,Primary,Public
136,sv_fc_healthcare_facilities.fid-65d4c550_169d91ba9ce_-4cc7,10.56812,7.452177,Unknown,2018-09-25T14:25:32Z,Private Clinic,9e808ead-a754-4b02-8c43-e877268e9f59,Iman Hospital,Unknown,Tertiary,Private
137,sv_fc_healthcare_facilities.fid-65d4c550_169d91ba9ce_-4cbe,10.53515,7.47021,Yes,2018-09-25T14:25:15Z,Private Clinic,10e567c2-79f3-4e56-a328-47b2a70a2b98,Mend Speacialist Hospital,Functional,Tertiary,Private
138,sv_fc_healthcare_facilities.fid-65d4c550_169d91ba9ce_-4cba,10.527328,7.460595,Unknown,2018-09-25T14:34:40Z,Primary Health Center,ee301cab-4899-440a-9d6d-f8b65ce68af5,Family Care Health Center,Functional,Primary,Others
139,sv_fc_healthcare_facilities.fid-65d4c550_169d91ba9ce_-4caf,10.52884,7.452732,Yes,2018-09-25T14:25:21Z,Specialist Hospital,0dce0272-de56-4899-846d-b519620796db,Nigerian Institute For Trypanosomiasis Research,Functional,Primary,Public
140,sv_fc_healthcare_facilities.fid-65d4c550_169d91ba9ce_-4cac,10.53965,7.46066,Unknown,2018-09-25T14:25:42Z,Primary Health Clinic,ff42cdd2-ea1e-4cde-a216-bf341b15cda7,Multi Clinic,Unknown,Primary,Public
141,sv_fc_healthcare_facilities.fid-65d4c550_169d91ba9ce_-4ca7,10.528464,7.461584,Unknown,2018-09-25T14:25:39Z,Private Clinic,ca033ad6-5b94-47e2-8dad-5e1e4f40fbd5,Salem Hospital,Unknown,Tertiary,Private
142,sv_fc_healthcare_facilities.fid-65d4c550_169d91ba9ce_-4ca3,10.521904,7.456654,Unknown,2018-09-25T14:25:36Z,Private Clinic,5dfa5466-7958-4569-8463-543a12b0b3d9,Iyali Hospital,Unknown,Tertiary,Private
143,sv_fc_healthcare_facilities.fid-65d4c550_169d91ba9ce_-4c9f,10.54799,7.4705,Unknown,2018-09-25T14:25:42Z,Specialist Hospital,59952947-ae06-44bc-b68c-a092c7bf21cf,Belmont Specialist Hospital,Unknown,Tertiary,Private
144,sv_fc_healthcare_facilities.fid-65d4c550_169d91ba9ce_-4c9b,10.545266,7.445769,Yes,2018-09-25T14:25:28Z,Private Clinic,6ff58b9f-49e2-4f85-ae8b-8fd0b3af69f5,Chasel Hospital,Functional,Tertiary,Private
145,sv_fc_healthcare_facilities.fid-65d4c550_169d91ba9ce_-4c95,10.551126,7.447708,Yes,2018-09-25T14:25:32Z,Primary Health Center,74455bc9-6044-47bd-8568-ace817b3f833,Unguwar Sarki Primary Health Center,Functional,Primary,Public
146,sv_fc_healthcare_facilities.fid-65d4c550_169d91ba9ce_-4c8d,10.546514,7.426265,Unknown,2018-09-25T14:25:42Z,Primary Health Center,caa7746c-a0e0-4a71-bea2-86a93a73a8a1,Abakawa Community Health Center,Functional,Primary,Public
147,sv_fc_healthcare_facilities.fid-65d4c550_169d91ba9ce_-4c8b,10.549394,7.438308,Unknown,2018-09-25T14:25:38Z,Private Clinic,4caa00ba-e304-4a01-b170-a5d467662b95,Fasaha Dental Clinic,Functional,Tertiary,Private
148,sv_fc_healthcare_facilities.fid-65d4c550_169d91ba9ce_-4c88,10.547637,7.421352,Unknown,2018-09-25T14:25:36Z,Private Clinic,cec22b50-378a-4c8f-a1fd-53d3edea97ae,Lyon Hospital,Unknown,Tertiary,Private
149,sv_fc_healthcare_facilities.fid-65d4c550_169d91ba9ce_-4c84,10.547052,7.420287,Unknown,2018-09-25T14:25:17Z,Private Clinic,3dddfd63-28f4-4f34-af11-039a450598c3,Premier Eye Hospital,Functional,Tertiary,Private
150,sv_fc_healthcare_facilities.fid-65d4c550_169d91ba9ce_-4c80,10.546938,7.438063,Yes,2018-09-25T14:25:36Z,Primary Health Center,8108a45a-96da-4de0-91d4-5c170b1887e8,Unguwan Shanu Primary Health Center,Unknown,Primary,Public
151,sv_fc_healthcare_facilities.fid-65d4c550_169d91ba9ce_-4c72,10.542632,7.412053,Yes,2018-09-25T14:25:39Z,Specialist Hospital,93762390-0e84-46d8-9031-7daa631029a7,Musaka Beto Specialist Hospital,Unknown,Tertiary,Private
152,sv_fc_healthcare_facilities.fid-65d4c550_169d91ba9ce_-4c6b,10.537017,7.422595,Yes,2018-09-25T14:25:19Z,Specialist Hospital,b2a93692-5bf3-41a2-9492-82e21c5c4805,Sefa Specialist Hospital,Functional,Tertiary,Private
153,sv_fc_healthcare_facilities.fid-65d4c550_169d91ba9ce_-4c67,10.538913,7.409318,Unknown,2018-09-25T14:25:24Z,Primary Health Clinic,f5a7f33b-6f32-44a0-b998-a863b12bd355,Yelwa Maibene Health Clinic,Unknown,Primary,Public
154,sv_fc_healthcare_facilities.fid-65d4c550_169d91ba9ce_-4c64,10.481633,7.428102,Yes,2018-09-25T14:25:28Z,Specialist Hospital,d7b16539-6117-47be-a6e8-b834a3010641,Giltoo Aris Specialist Hospital,Unknown,Tertiary,Private
155,sv_fc_healthcare_facilities.fid-65d4c550_169d91ba9ce_-4c60,10.481313,7.429655,Yes,2018-09-25T14:25:19Z,Primary Health Center,92a935c4-78b5-40df-9ec6-376b118f6032,Hajia Asama'u Ahmad Makarfi Health Center Barnawa,Functional,Primary,Public
156,sv_fc_healthcare_facilities.fid-65d4c550_169d91ba9ce_-4a15,10.466756,7.439232,Unknown,2018-09-25T14:34:41Z,Primary Health Clinic,326e3758-fa9f-469c-8e4c-bfe964fdd3cc,Koron Tsohuwa Primary Health Care,Functional,Primary,Others
157,sv_fc_healthcare_facilities.fid-65d4c550_169d91ba9ce_-4a11,10.471117,7.433022,Yes,2018-09-25T14:25:33Z,Health Post,8264f745-6726-433f-bac6-a6efec8d0659,Bio Clinics,Unknown,Primary,Public
158,sv_fc_healthcare_facilities.fid-65d4c550_169d91ba9ce_-4a0b,10.485722,7.430135,Yes,2018-09-25T14:25:33Z,Specialist Hospital,7ea4586e-d5f7-4a5c-9033-90fa0b23ff63,Jicon Hospital And Specialist Clinic,Unknown,Tertiary,Private
159,sv_fc_healthcare_facilities.fid-65d4c550_169d91ba9ce_-4a09,10.463502,7.429893,Yes,2018-09-25T14:25:30Z,Specialist Hospital,1e10dd12-25f9-446b-a996-e8f74969625b,Psychiatric Hospital,Functional,Primary,Public
160,sv_fc_healthcare_facilities.fid-65d4c550_169d91ba9ce_-4a02,10.486082,7.430112,Yes,2018-09-25T14:25:32Z,Private Clinic,c7b0e2cc-00eb-45d2-8452-17786803461d,Gemini Hospital,Unknown,Primary,Public
161,sv_fc_healthcare_facilities.fid-65d4c550_169d91ba9ce_-49fb,10.455165,7.425895,Yes,2018-09-25T14:25:36Z,Primary Health Clinic,13fc6100-c972-4711-b01e-47bf178c0df7,Amina Hospital And Maternity,Functional,Primary,Public
162,sv_fc_healthcare_facilities.fid-65d4c550_169d91ba9ce_-49f9,10.450606,7.399041,Yes,2018-09-25T14:25:39Z,Primary Health Clinic,6afd12c5-d255-47f6-8f17-87c54b98da92,Unguwan Makama Clinic,Functional,Primary,Public
163,sv_fc_healthcare_facilities.fid-65d4c550_169d91ba9ce_-49f6,10.455242,7.420007,Unknown,2018-09-25T14:34:40Z,Military and Paramilitary Clinic,be18b467-4ba5-431e-9943-040bc00ea240,312 Artenary Kalapanzi Barracks Primary Health Center,Functional,Primary,Others
164,sv_fc_healthcare_facilities.fid-65d4c550_169d91ba9ce_-49f2,10.456474,7.412553,Unknown,2018-09-25T14:25:20Z,Primary Health Clinic,8f612ce6-5771-4f0e-894f-62f33e7da63e,Three Primary Health Care,Unknown,Primary,Public
165,sv_fc_healthcare_facilities.fid-65d4c550_169d91ba9ce_-49ef,10.45632,7.413397,Unknown,2018-09-25T14:25:38Z,Primary Health Center,e19f8e2c-e8ec-41ab-92b1-6f566a638744,Staff Quaters By Layin Makaranta Primary Health Center,Functional,Primary,Public
166,sv_fc_healthcare_facilities.fid-65d4c550_169d91ba9ce_-49eb,10.462583,7.411798,Yes,2018-09-25T14:25:41Z,Private Non Profit,c0a1afaa-dd66-4de7-9534-91edcaffcae5,Ymca,Unknown,Primary,Public
167,sv_fc_healthcare_facilities.fid-65d4c550_169d91ba9ce_-49e8,10.468432,7.413473,Unknown,2018-09-25T14:34:39Z,Primary Health Center,cd7370d1-0eb8-4060-ba65-df982c80d4b7,Primary Health Center Maker,Functional,Primary,Others
168,sv_fc_healthcare_facilities.fid-65d4c550_169d91ba9ce_-49e4,10.467847,7.413463,Yes,2018-09-25T14:25:37Z,Private Clinic,a306f353-8b36-4e4f-9e7c-818f2337f396,Maneks Hospital,Functional,Primary,Public
169,sv_fc_healthcare_facilities.fid-65d4c550_169d91ba9ce_-49e2,10.46685,7.410417,Yes,2018-09-25T14:25:25Z,Primary Health Clinic,85184777-a5f6-4f68-97a6-a45193524f31,Ark Of God Covenant Clinics And Maternity,Unknown,Primary,Public
170,sv_fc_healthcare_facilities.fid-65d4c550_169d91ba9ce_-49da,10.475417,7.42228,Unknown,2018-09-25T14:25:31Z,Unknown,f4f6c889-a32e-415f-ae62-ad248753c099,Queen Amina Infirmary,Unknown,Primary,Public
171,sv_fc_healthcare_facilities.fid-65d4c550_169d91ba9ce_-49d8,10.466097,7.411388,Unknown,2018-09-25T14:25:20Z,Private Clinic,231622ee-685c-4221-9630-9aabdaa146e3,Petrovik Hospital,Unknown,Primary,Public
172,sv_fc_healthcare_facilities.fid-65d4c550_169d91ba9ce_-49d4,10.463265,7.414233,Yes,2018-09-25T14:25:19Z,Educational Clinic,394cf532-bc2d-496b-8447-3c7bce3cc42c,Senda Poly Hospital,Unknown,Primary,Public
173,sv_fc_healthcare_facilities.fid-65d4c550_169d91ba9ce_-49d0,10.47606,7.410315,Unknown,2018-09-25T14:25:41Z,Primary Health Clinic,88af32bd-600b-4d1f-b997-80e322ecd121,Alheri Hospital And Maternity,Unknown,Primary,Public
174,sv_fc_healthcare_facilities.fid-65d4c550_169d91ba9ce_-49cc,10.467825,7.408242,Yes,2018-09-25T14:25:24Z,Private Clinic,9f9ab5ee-d760-4607-870e-136b646850a2,Oxford Hospital,Functional,Primary,Public
175,sv_fc_healthcare_facilities.fid-65d4c550_169d91ba9ce_-49c8,10.484852,7.411833,Unknown,2018-09-25T14:34:39Z,Primary Health Center,8b618880-5af5-426f-9643-9a80e7cc533a,Primary Health Center Down Quater,Functional,Primary,Others
176,sv_fc_healthcare_facilities.fid-65d4c550_169d91ba9ce_-49b8,10.478371,7.410804,Unknown,2018-09-25T14:25:22Z,Health Post,609976e8-a0b9-4a55-94b2-be3864adfbe9,Crystal Clinic,Unknown,Primary,Public
177,sv_fc_healthcare_facilities.fid-65d4c550_169d91ba9ce_-49b5,10.47916,7.412448,Unknown,2018-09-25T14:25:33Z,Private Clinic,c046b4ec-2b1f-445d-8634-6aa17f13de7a,Nigeria Breweries Hospital Makera,Unknown,Tertiary,Private
178,sv_fc_healthcare_facilities.fid-65d4c550_169d91ba9ce_-49b2,10.480275,7.408948,Unknown,2018-09-25T14:25:31Z,Federal Staff Clinic,f03bb1aa-c53c-4e3f-9e01-45e8e9116647,United Nigerian Textiles Hospital,Functional,Primary,Public
179,sv_fc_healthcare_facilities.fid-65d4c550_169d91ba9ce_-49af,10.50717,7.398453,Unknown,2018-09-25T14:25:19Z,Primary Health Clinic,14850f8b-4ad8-43c8-9c0b-83bd1d0560f4,Hauwa Nursing And Maternity,Unknown,Primary,Public
180,sv_fc_healthcare_facilities.fid-65d4c550_169d91ba9ce_-49ac,10.511733,7.404472,Yes,2018-09-25T14:25:39Z,Private Clinic,8eecf9da-602f-4df1-9d73-d9d571f5b98a,Salamat Hospital,Functional,Primary,Public
181,sv_fc_healthcare_facilities.fid-65d4c550_169d91ba9ce_-49a7,10.508401,7.399228,Unknown,2018-09-25T14:25:32Z,Primary Health Clinic,b027d5ec-7369-4e73-bd4c-4f7fd1e37d50,Abdulazeez Memorial Hosp Clinic And Maternity,Unknown,Primary,Public
182,sv_fc_healthcare_facilities.fid-65d4c550_169d91ba9ce_-499f,10.51844,7.399292,Yes,2018-09-25T14:25:34Z,Unknown,8a124a3e-8d6c-4171-a253-5dc705566797,Al Tabib,Unknown,Primary,Public
183,sv_fc_healthcare_facilities.fid-65d4c550_169d91ba9ce_-499c,10.520172,7.39577,Yes,2018-09-25T14:25:30Z,Health Post,dbd34f84-326d-47e9-aebc-35d9800a52ab,Zaitun Clinic,Unknown,Primary,Public
184,sv_fc_healthcare_facilities.fid-65d4c550_169d91ba9ce_-4997,10.520573,7.40522,Yes,2018-09-25T14:25:41Z,Private Clinic,88ee7c8d-a69f-4e4f-91fa-f6254a0e1960,Aitam Hospital,Functional,Primary,Public
185,sv_fc_healthcare_facilities.fid-65d4c550_169d91ba9ce_-4995,10.521303,7.402197,Yes,2018-09-25T14:25:18Z,Primary Health Center,f8021f2c-cace-4677-be65-e4907f62971e,As Sabuur,Unknown,Primary,Public
186,sv_fc_healthcare_facilities.fid-65d4c550_169d91ba9ce_-4992,10.519498,7.40394,Yes,2018-09-25T14:25:20Z,Private Clinic,59a2ceeb-75ee-46f0-8268-55a13a170e6e,Biba Hospital Limited,Functional,Primary,Public
187,sv_fc_healthcare_facilities.fid-65d4c550_169d91ba9ce_-498e,10.519398,7.406904,Yes,2018-09-25T14:25:34Z,Primary Health Center,d72626f6-0563-49f0-907b-88ea90556929,Kubau Road Primary Health Center,Functional,Primary,Public
188,sv_fc_healthcare_facilities.fid-65d4c550_169d91ba9ce_-498b,10.523953,7.404368,Yes,2018-09-25T14:25:35Z,Private Clinic,92f2b68c-3e4e-4007-9965-d5f5f706633c,Fountain Hospital And Maternity,Unknown,Tertiary,Private
189,sv_fc_healthcare_facilities.fid-65d4c550_169d91ba9ce_-4984,10.490067,7.398793,Unknown,2018-09-25T14:34:39Z,Private Clinic,23848ded-33a4-4cda-9bf6-7876465878ff,Al Tabib Clinic,Functional,Primary,Others
190,sv_fc_healthcare_facilities.fid-65d4c550_169d91ba9ce_-4980,10.502779,7.40853,Yes,2018-09-25T14:25:22Z,Primary Health Center,3c7b1e4c-9ae5-450f-9c0d-951fb413a3f3,Zango Road Primary Health Center,Functional,Primary,Public
191,sv_fc_healthcare_facilities.fid-65d4c550_169d91ba9ce_-497d,10.510997,7.41338,Yes,2018-09-25T14:43:08Z,Primary Health Clinic,66405dde-e294-421d-b3a8-e6cf1bf7e094,Tudun Wada Family Health Unit Clinic,Functional,Primary,Public
192,sv_fc_healthcare_facilities.fid-65d4c550_169d91ba9ce_-497a,10.510993,7.413668,Yes,2018-09-25T14:25:17Z,Health Post,8fc16752-0174-4366-893f-22a75d0f9852,Fhu Tudun Wada Health Post,Functional,Primary,Public
193,sv_fc_healthcare_facilities.fid-65d4c550_169d91ba9ce_-4976,10.495356,7.402592,Unknown,2018-09-25T14:25:26Z,Primary Health Center,1e9c01e6-c7e2-45e1-aef0-ce4d6a918cd2,Amina Nmadi Health Facility,Functional,Primary,Public
194,sv_fc_healthcare_facilities.fid-65d4c550_169d91ba9ce_-4973,10.505129,7.412134,Unknown,2018-09-25T14:25:33Z,Primary Health Center,18e1835d-6910-4bbd-91dd-41a9294eba6b,Garba Lawal Primary Health Center,Unknown,Primary,Public
195,sv_fc_healthcare_facilities.fid-65d4c550_169d91ba9ce_-496f,10.503563,7.38851,Unknown,2018-09-25T14:25:40Z,Primary Health Clinic,80639676-10f6-4c98-9ff3-82f3b509c96e,Khamaz Clinic And Maternity,Unknown,Primary,Public
196,sv_fc_healthcare_facilities.fid-65d4c550_169d91ba9ce_-496c,10.498077,7.393079,Yes,2018-09-25T14:25:42Z,Primary Health Center,add0d447-d28c-469b-a272-bec73e33f9bd,Ungwan Muazu Primary Health Center,Functional,Primary,Public
197,sv_fc_healthcare_facilities.fid-65d4c550_169d91ba9ce_-4969,10.50018,7.385947,Yes,2018-09-25T14:25:18Z,Primary Health Clinic,7c0584de-b0b9-4e6d-8006-0f139cca97a8,Rapha Mamasuwe Maternity And Clinic,Unknown,Primary,Public
198,sv_fc_healthcare_facilities.fid-65d4c550_169d91ba9ce_-4963,10.497557,7.394648,Yes,2018-09-25T14:25:28Z,Private Clinic,369566ae-16b7-4d19-ad18-6a104364e581,Al Amin Hospital,Unknown,Primary,Public
199,sv_fc_healthcare_facilities.fid-65d4c550_169d91ba9ce_-4960,10.446322,7.427592,Unknown,2018-09-25T14:25:39Z,Primary Health Clinic,a8d4d138-a737-47fa-b4db-0ed3c0e82ac8,Theck Maternity Home,Unknown,Primary,Public
200,sv_fc_healthcare_facilities.fid-65d4c550_169d91ba9ce_-495d,10.447527,7.42454,Yes,2018-09-25T14:25:21Z,Private Clinic,650a49dd-d6b7-46fc-a9d7-4512b0a069ff,Ramao Clinic,Unknown,Primary,Public
201,sv_fc_healthcare_facilities.fid-65d4c550_169d91ba9ce_-4959,10.448382,7.433217,Unknown,2018-09-25T14:25:33Z,Primary Health Clinic,864eda78-3da1-49db-9557-f4a7d8f35cde,Holiness Nursing And Maternity,Unknown,Primary,Public
202,sv_fc_healthcare_facilities.fid-65d4c550_169d91ba9ce_-4953,10.44284,7.415708,Yes,2018-09-25T14:25:18Z,Primary Health Clinic,b35cdb38-bf05-4a77-8748-91077689644b,Savannah Hospital And Maternity,Unknown,Primary,Public
203,sv_fc_healthcare_facilities.fid-65d4c550_169d91ba9ce_-494f,10.444845,7.426257,Yes,2018-09-25T14:25:26Z,Private Clinic,be7e6145-6978-42b1-8d4a-1f51589208b6,Bengola Hospital,Unknown,Primary,Public
204,sv_fc_healthcare_facilities.fid-65d4c550_169d91ba9ce_-494c,10.439697,7.407503,Unknown,2018-09-25T14:25:27Z,Primary Health Clinic,0e6c5194-f2b3-4801-9d7a-72bf63a780f5,Jadan Clinic And Maternity,Unknown,Primary,Public
205,sv_fc_healthcare_facilities.fid-65d4c550_169d91ba9ce_-4949,10.451517,7.432757,Yes,2018-09-25T14:25:17Z,Primary Health Clinic,d44e6ec3-1608-4a68-8995-087f9c556e45,Unguwar Mai Chibi Comprehensive Health Care,Functional,Primary,Public
206,sv_fc_healthcare_facilities.fid-65d4c550_169d91ba9ce_-4945,10.524824,7.41025,Yes,2018-09-25T14:25:20Z,Primary Health Center,0a6d93fd-c798-4ebc-8bb6-d04a2e9fb8ec,Ungwan Sanusi Primary Health Center,Functional,Primary,Public
207,sv_fc_healthcare_facilities.fid-65d4c550_169d91ba9ce_-4942,10.524025,7.400252,Unknown,2018-09-25T14:25:27Z,Specialist Hospital,8e7a3574-448d-4eff-a295-afb7eb08e191,Barka Specialist Hospital,Unknown,Tertiary,Private
208,sv_fc_healthcare_facilities.fid-65d4c550_169d91ba9ce_-493d,10.530323,7.403813,Unknown,2018-09-25T14:25:41Z,Primary Health Clinic,e4e5cfff-46d0-4fab-8bd6-861858a4a800,Rasmah Maternity And Clinic,Unknown,Primary,Public
209,sv_fc_healthcare_facilities.fid-65d4c550_169d91ba9ce_-493a,10.52543,7.408377,Yes,2018-09-25T14:25:27Z,Private Clinic,6903a864-d6f4-45fa-9894-ed993b43197a,Saby Hospital,Unknown,Primary,Public
210,sv_fc_healthcare_facilities.fid-65d4c550_169d91ba9ce_-4938,10.532826,7.401586,Unknown,2018-09-25T14:25:16Z,Primary Health Center,37d7da65-3d96-471f-9187-a91432fdaee9,Askolaye Primary Health Center,Unknown,Primary,Public
211,sv_fc_healthcare_facilities.fid-65d4c550_169d91ba9ce_-4471,10.381549,7.626144,Yes,2018-09-25T14:25:41Z,Primary Health Center,de5e5354-b3ab-4098-a752-ae7f5089f053,Janwuria Primary Health Center,Functional,Primary,Public
212,sv_fc_healthcare_facilities.fid-65d4c550_169d91ba9ce_-5952,10.465353,7.441006,Unknown,2018-09-25T14:34:41Z,Primary Health Clinic,dc06e2e1-f6da-45c4-af96-c0e1c3a955fa,Gabachuwa Health Clinic,Functional,Primary,Others
213,sv_fc_healthcare_facilities.fid-65d4c550_169d91ba9ce_-58c2,10.435248,7.420673,Yes,2018-09-25T14:25:20Z,Primary Health Clinic,bce6173c-a813-4c8e-b396-7bf28bd07e2f,Yelwa Primary Health Care,Unknown,Primary,State Primary HealthCare Development Agency
214,sv_fc_healthcare_facilities.fid-65d4c550_169d91ba9ce_-4a1d,10.469276,7.436053,Unknown,2018-09-25T14:34:41Z,Primary Health Clinic,7e434c8b-1c6c-4c28-8d6b-dbe2416d660e,Gidon Kaura Health Clinic,Functional,Primary,Others
215,sv_fc_healthcare_facilities.fid-65d4c550_169d91ba9ce_-49ff,10.46804,7.437485,Unknown,2018-09-25T14:34:41Z,Primary Health Center,63c90da9-8bc4-497f-addc-8de63d35e121,Anturu Primary Health Center,Functional,Primary,Others
216,sv_fc_healthcare_facilities.fid-65d4c550_169d91ba9ce_-592a,10.48916,7.279099,Unknown,2018-09-25T14:25:20Z,Primary Health Center,cc608f1a-84aa-4275-ad1b-e3ac4230d752,Nassarawa Health Center,Unknown,Primary,Public
217,sv_fc_healthcare_facilities.fid-65d4c550_169d91ba9ce_-5452,10.540309,7.366403,Unknown,2018-09-25T14:25:17Z,Primary Health Clinic,336e8182-1ad9-4e90-aaae-938f7a8719b2,Miyyeti Allah Nursing And Maternity,Unknown,Primary,Public
218,sv_fc_healthcare_facilities.fid-65d4c550_169d91ba9ce_-4d35,10.557443,7.452357,Yes,2018-09-25T14:25:30Z,Private Clinic,491597a2-49e1-4c27-9ec2-46366a4bfc28,Fomwon Hospital,Unknown,Primary,Public
219,sv_fc_healthcare_facilities.fid-65d4c550_169d91ba9ce_-4d1e,10.509297,7.431747,Unknown,2018-09-25T14:25:19Z,Primary Health Center,f27bebc4-70fd-486a-8563-a3341c248c30,Zakari Memorial Clinic Primary Health Center,Unknown,Primary,Public
220,sv_fc_healthcare_facilities.fid-65d4c550_169d91ba9ce_-4cb7,10.526753,7.462426,Yes,2018-09-25T14:25:28Z,Primary Health Center,6f12f36f-24d6-4b40-aaa0-aced140de7bf,Unguwan Rimi Primary Health Center,Unknown,Primary,Public
221,sv_fc_healthcare_facilities.fid-65d4c550_169d91ba9ce_-4c6f,10.54959,7.417322,Yes,2018-09-25T14:25:33Z,Private Clinic,189d6182-c495-4371-ae3e-e5b41da6bbd8,Mashi Hospital,Functional,Primary,Public
222,sv_fc_healthcare_facilities.fid-65d4c550_169d91ba9ce_-4a05,10.48144,7.429842,Unknown,2018-09-25T14:40:20Z,Primary Health Center,a4aa34e3-a285-4ddb-9fe0-0e50aab5d7e4,Barnawa Primary Health Center,Unknown,Primary,Public
223,sv_fc_healthcare_facilities.fid-65d4c550_169d91ba9ce_-49c6,10.469252,7.412243,Unknown,2018-09-25T14:25:40Z,Primary Health Clinic,cc124ad7-d2ef-4f24-8494-423c7bc1fc8a,Makera 1 Primary Health Care,Functional,Primary,Public
224,sv_fc_healthcare_facilities.fid-65d4c550_169d91ba9ce_-49be,10.478248,7.410287,Unknown,2018-09-25T14:25:30Z,Primary Health Center,742532ea-8061-4728-aba9-104505cd81bd,Makera Ii Primary Health Center,Unknown,Primary,Public
225,sv_fc_healthcare_facilities.fid-65d4c550_169d91ba9ce_-4988,10.521437,7.417268,Yes,2018-09-25T14:25:26Z,Private Clinic,0b729e95-d5c2-49a2-8734-0a130f1af662,Yusuf Dantsoho Memorial Hospital,Unknown,Primary,Public
226,sv_fc_healthcare_facilities.fid-65d4c550_169d91ba9ce_-4956,10.45307,7.425345,Yes,2018-09-25T14:25:17Z,Primary Health Center,dcc81e79-a0ac-49cb-a762-856587aff471,Television Garage Primary Health Center,Unknown,Primary,Public
227,sv_fc_healthcare_facilities.fid-65d4c550_169d91ba9ce_-4940,10.524132,7.415867,Yes,2018-09-25T14:25:19Z,Educational Clinic,1348b717-7eb6-4b42-a1f7-d7a08159fcc3,Shehu Muhammad Kangiwa Medical Center Kaduna Polytechnic,Unknown,Primary,Public
228,sv_fc_healthcare_facilities.fid-65d4c550_169d91ba9ce_-59b5,10.458034,7.637912,Yes,2018-09-25T14:25:29Z,Primary Health Center,e76c1a37-2d00-4850-a2d3-392010bc8a6e,Kujama Gari Primary Health Center,Functional,Primary,Public
229,sv_fc_healthcare_facilities.fid-65d4c550_169d91ba9ce_-4cc3,10.526772,7.462366,Yes,2018-09-25T14:40:19Z,Primary Health Center,cdcde3d3-8168-443c-9b76-a007e7e63409,Unguwar Rimi Primary Health Center,Functional,Primary,Public
230,sv_fc_healthcare_facilities.fid-65d4c550_169d91ba9ce_-4c91,10.547126,7.438267,Yes,2018-09-25T14:40:19Z,Primary Health Clinic,f7d9a151-d7f2-48fe-aed5-b4c0febbf1c0,Unguwan Shanu Primary Health Care,Functional,Primary,Public
231,sv_fc_healthcare_facilities.fid-65d4c550_169d91ba9ce_-4c7c,10.55272,7.41489,Yes,2018-09-25T14:25:15Z,Primary Health Clinic,9d7f669f-722a-42b8-9456-bcc624201a74,Kurmin Mashi181 Primary Health Care,Functional,Primary,Public
232,sv_fc_healthcare_facilities.fid-65d4c550_169d91ba9ce_-5986,10.62086,7.23319,Unknown,2018-09-25T14:08:10Z,Health Post,9ef84cb4-4416-4b1f-8a0d-8a3ec5f7b0f8,Kajari Health Post,Unknown,Primary,State Primary HealthCare Development Agency
233,sv_fc_healthcare_facilities.fid-65d4c550_169d91ba9ce_-5798,10.67249,7.3447,Yes,2018-09-25T14:08:11Z,Primary Health Center,89df33ac-cd53-4a0e-a511-cfd7de622fe5,Kutungare Primary Health Center,Functional,Primary,State Primary HealthCare Development Agency
234,sv_fc_healthcare_facilities.fid-65d4c550_169d91ba9ce_-54fa,10.60193,7.711731,Unknown,2018-09-25T14:10:26Z,Primary Health Clinic,aac7eae2-5378-4c8f-a0fd-d22c2f38e79d,Liggyara Health Clinic,Unknown,Primary,State Ministry Of Health
235,sv_fc_healthcare_facilities.fid-65d4c550_169d91ba9ce_-54aa,10.77039,7.50862,Unknown,2018-09-25T14:08:11Z,Primary Health Clinic,808c7a01-b41e-4f05-b2ff-96a141bd6dd3,Kwarau Gari Primary Health Care,Unknown,Primary,State Primary HealthCare Development Agency
236,sv_fc_healthcare_facilities.fid-65d4c550_169d91ba9ce_-5494,10.7699,7.499512,Yes,2018-09-25T14:09:45Z,Primary Health Clinic,c1559fa9-072c-4c9b-932e-a37d79b21e94,Kwarau Gari Health Clinic,Functional,Primary,State Ministry Of Health
237,sv_fc_healthcare_facilities.fid-65d4c550_169d91ba9ce_-5491,10.5786,7.5786,Unknown,2018-09-25T14:08:11Z,Primary Health Clinic,9c27ad18-a3bf-410f-8be5-dc097efdb5a3,Dunki Primary Health Care,Unknown,Primary,State Primary HealthCare Development Agency
238,sv_fc_healthcare_facilities.fid-65d4c550_169d91ba9ce_-5964,10.46448,7.445923,Unknown,2018-09-25T14:42:29Z,Primary Health Clinic,660b4f15-8bd1-431a-80f0-972a0b0f4642,Narayi Family Hospital,Unknown,Primary,State Primary HealthCare Development Agency
239,sv_fc_healthcare_facilities.fid-65d4c550_169d91ba9ce_-546f,10.59937,7.468761,Unknown,2018-09-25T14:25:37Z,Primary Health Clinic,6cb8b117-204e-4875-9870-80e61f4df021,T Wada Rigachukum Model Primary Health Care,Unknown,Primary,State Primary HealthCare Development Agency
240,sv_fc_healthcare_facilities.fid-65d4c550_169d91ba9ce_-59f7,10.407636,7.405842,Yes,2018-09-25T14:25:36Z,Private Clinic,47bdcd00-abf5-4faa-889a-bb80c3e722d3,Buwaya Clinic,Functional,Primary,Private
241,sv_fc_healthcare_facilities.fid-65d4c550_169d91ba9ce_-59f2,10.428299,7.355995,Yes,2018-09-25T14:25:22Z,Primary Health Clinic,dbd73b12-034c-4df1-bef6-426c9ccc24ec,Kakau Primary Health Care Center,Functional,Primary,Public
242,sv_fc_healthcare_facilities.fid-65d4c550_169d91ba9ce_-5909,10.432261,7.528633,Yes,2018-09-25T14:25:31Z,Primary Health Center,da0445cd-e4c3-4930-a9eb-c95972cb7dbd,Maraban Rido Primary Health Center,Functional,Primary,Public
243,sv_fc_healthcare_facilities.fid-65d4c550_169d91ba9ce_-58f2,10.479088,7.373772,Yes,2018-09-25T14:25:23Z,Primary Health Clinic,0f7bba4c-5d0c-4617-8ce2-176dcedaad3a,Sabon Gari Primary Health Care Clinic,Functional,Primary,Public
244,sv_fc_healthcare_facilities.fid-65d4c550_169d91ba9ce_-58d0,10.447742,7.450801,Yes,2018-09-25T14:25:28Z,Primary Health Center,6333809d-9299-4db7-a406-0831d9caae20,Sabon Tasha Primary Health Center,Functional,Primary,Public
245,sv_fc_healthcare_facilities.fid-65d4c550_169d91ba9ce_-5793,10.594318,7.405692,Yes,2018-09-25T14:25:17Z,Primary Health Center,ce2fb717-ca0d-43a0-ab77-990ffa95a6ef,Mando Primary Health Center,Functional,Primary,Public
246,sv_fc_healthcare_facilities.fid-65d4c550_169d91ba9ce_-578f,10.667758,7.384757,Yes,2018-09-25T14:25:20Z,Primary Health Center,f11a57f0-79d3-4034-928c-d050cdaf8dbe,Afaka Primary Health Center,Functional,Primary,Public
247,sv_fc_healthcare_facilities.fid-65d4c550_169d91ba9ce_-54f2,10.622991,7.682485,Yes,2018-09-25T14:25:16Z,Primary Health Center,b43d1a72-1b24-40fb-9a38-eb0a79ec5172,Gwaraji Primary Health Center,Functional,Primary,Public
248,sv_fc_healthcare_facilities.fid-65d4c550_169d91ba9ce_-5499,10.697372,7.515766,Yes,2018-09-25T14:25:29Z,Primary Health Center,bd80474a-1069-4374-b69c-707afecd86fe,Maraban Jos Primary Health Center,Functional,Primary,Public
249,sv_fc_healthcare_facilities.fid-65d4c550_169d91ba9ce_-5481,10.56454,7.519771,Yes,2018-09-25T14:25:18Z,Primary Health Center,7385a62f-89ff-4889-9f1c-a07c59e06b78,Rigachukun Primary Health Center,Functional,Primary,Public
250,sv_fc_healthcare_facilities.fid-65d4c550_169d91ba9ce_-543f,10.545479,7.356161,Yes,2018-09-25T14:25:41Z,General Hospital,6e4f1e2f-dc7d-4d01-b974-f8bcfeb577c9,Rigasa General Hospital,Functional,Primary,Public
251,sv_fc_healthcare_facilities.fid-65d4c550_169d91ba9ce_-4d37,10.559067,7.447785,Yes,2018-09-25T14:25:35Z,Primary Health Clinic,8a9b873b-2c83-4179-abc7-5673f7542bf6,Badarawa Primary Health Care Center,Functional,Primary,Public
252,sv_fc_healthcare_facilities.fid-65d4c550_169d91ba9ce_-4d31,10.561148,7.472051,Yes,2018-09-25T14:25:18Z,Primary Health Clinic,edf9e946-5768-402a-8a9e-f69816e57ac4,M b Tukur Primary Health Care Malali,Functional,Primary,Public
253,sv_fc_healthcare_facilities.fid-65d4c550_169d91ba9ce_-4d10,10.577924,7.435945,Yes,2018-09-25T14:25:35Z,Primary Health Clinic,4297f125-7e75-4b9d-99ef-42bd183f404d,Hayin Banki Health Care,Functional,Primary,Public
254,sv_fc_healthcare_facilities.fid-65d4c550_169d91ba9ce_-4cf3,10.502028,7.443634,Yes,2018-09-25T14:25:18Z,Primary Health Center,0b35a5fc-d1c2-4e83-bdc9-7192d3e926c5,Kabala Primary Health Center,Functional,Primary,Public
255,sv_fc_healthcare_facilities.fid-65d4c550_169d91ba9ce_-4ced,10.583385,7.446949,Yes,2018-09-25T14:25:35Z,General Hospital,83677797-1b53-47b8-ac02-662b8dfa9fac,Kawo General Hospital,Functional,Primary,Public
256,sv_fc_healthcare_facilities.fid-65d4c550_169d91ba9ce_-4cb3,10.526447,7.442057,Yes,2018-09-25T14:25:39Z,Specialist Hospital,245c3348-da92-455e-9b2c-c9d130270df7,Barau Dikko Specialist Hospital Kaduna,Functional,Primary,Public
257,sv_fc_healthcare_facilities.fid-65d4c550_169d91ba9ce_-4c78,10.535804,7.408409,Yes,2018-09-25T14:25:23Z,Primary Health Clinic,d0895ed7-85a2-4a5d-ad04-5c75f73d249d,Badikko Family Health,Functional,Primary,Public
258,sv_fc_healthcare_facilities.fid-65d4c550_169d91ba9ce_-4a18,10.486027,7.435693,Yes,2018-09-25T14:25:34Z,Private Clinic,1388d094-8b6e-4e31-bd60-3734ed33be91,Harmony Hospital Limited,Functional,Tertiary,Private
259,sv_fc_healthcare_facilities.fid-65d4c550_169d91ba9ce_-49de,10.464823,7.413485,Yes,2018-09-25T14:25:29Z,Primary Health Center,11063113-b052-4f33-92ed-4a018bbb485c,Kakuri Hausa Primary Health Center,Functional,Primary,Public
260,sv_fc_healthcare_facilities.fid-65d4c550_169d91ba9ce_-49c3,10.491133,7.414838,Yes,2018-09-25T14:25:25Z,Primary Health Center,1be528f2-de6d-4141-adfa-8352845b4c95,Dwn Quarters Primary Health Center,Functional,Primary,Public
261,sv_fc_healthcare_facilities.fid-65d4c550_169d91ba9ce_-49bb,10.465378,7.4024,Yes,2018-09-25T14:25:35Z,General Hospital,fc5480cd-85b2-4cae-bee3-27807debcb27,Dr Gwamna Awan General Hospital,Functional,Primary,Public
262,sv_fc_healthcare_facilities.fid-65d4c550_169d91ba9ce_-49a4,10.512439,7.401895,Yes,2018-09-25T14:25:16Z,Primary Health Clinic,a84bc048-3155-445b-8aed-fa39cfe90941,Kagoro Road Primary Health Care,Functional,Primary,Public
263,sv_fc_healthcare_facilities.fid-65d4c550_169d91ba9ce_-4966,10.504362,7.393788,Yes,2018-09-25T14:25:17Z,Primary Health Center,6b01a905-775c-4f3a-937b-3fd0eec9c546,Kabala West Primary Health Center,Functional,Primary,Public
264,sv_fc_healthcare_facilities.fid-65d4c550_169d91ba9ce_-4474,10.352341,7.653882,Yes,2018-09-25T14:25:19Z,Primary Health Center,6540699f-4634-46b2-a5a9-848429569915,Buda Primary Health Center,Functional,Primary,Public
